Instance,n,k,Valeur,Temps,Température
100_n_30_k_1_ID.txt,100,30,3780,2.62218,38.9915
100_n_35_k_1_ID.txt,100,35,3355,2.69882,37.9084
100_n_40_k_1_ID.txt,100,40,3315,2.80251,34.4042
100_n_25_k_1_ID.txt,100,25,3850,2.89035,50.364
100_n_20_k_1_ID.txt,100,20,4073,3.25094,37.0419
100_n_10_k_1_ID.txt,100,10,4410,3.45395,29.2436
100_n_15_k_1_ID.txt,100,15,4199,3.50018,41.1576
100_n_5_k_1_ID.txt,100,5,4598,4.40793,38.9915
1000_n_30_k_1_ID.txt,1000,30,489367,72.9023,93.934
1000_n_25_k_1_ID.txt,1000,25,490512,86.8954,76.1262
1000_n_20_k_1_ID.txt,1000,20,492034,102.284,64.9858
200_n_10_k_1_ID.txt,200,10,18925,8.01785,53.6132
200_n_15_k_1_ID.txt,200,15,18473,6.47545,31.9021
200_n_20_k_1_ID.txt,200,20,18019,6.44564,62.9862
1000_n_15_k_1_ID.txt,1000,15,493537,124.735,100.728
200_n_25_k_1_ID.txt,200,25,17826,5.30156,54.1548
200_n_30_k_1_ID.txt,200,30,17549,4.94737,53.2883
200_n_35_k_1_ID.txt,200,35,17168,4.36052,38.9915
200_n_40_k_1_ID.txt,200,40,17189,4.06791,42.0697
200_n_5_k_1_ID.txt,200,5,19262,11.4724,77.9829
1000_n_10_k_1_ID.txt,1000,10,495011,155.528,94.2293
500_n_10_k_1_ID.txt,500,10,122503,36.5974,110.476
500_n_15_k_1_ID.txt,500,15,121566,28.8283,76.6832
500_n_20_k_1_ID.txt,500,20,120537,23.842,40.1383
1500_n_30_k_1_ID.txt,1500,30,1109490,178.248,77.9829
500_n_30_k_1_ID.txt,500,30,118934,16.3864,51.6637
500_n_25_k_1_ID.txt,500,25,120028,19.7837,61.9276
50_n_10_k_1_ID.txt,50,10,901,2.71245,68.235
500_n_35_k_1_ID.txt,500,35,118949,15.3937,55.4089
50_n_15_k_1_ID.txt,50,15,736,2.09887,31.1932
50_n_20_k_1_ID.txt,50,20,705,2.1643,41.7766
50_n_25_k_1_ID.txt,50,25,535,1.76837,23.0404
500_n_40_k_1_ID.txt,500,40,117277,13.3144,58.4872
50_n_35_k_1_ID.txt,50,35,227,1.68851,29.2436
50_n_30_k_1_ID.txt,50,30,333,1.80163,33.6744
50_n_40_k_1_ID.txt,50,40,40,1.50231,23.9947
1000_n_5_k_1_ID.txt,1000,5,496397,199.795,415.909
1500_n_25_k_1_ID.txt,1500,25,1111697,194.037,91.3862
50_n_5_k_1_ID.txt,50,5,1062,3.18564,77.9829
500_n_5_k_1_ID.txt,500,5,123230,47.4213,97.4786
1500_n_20_k_1_ID.txt,1500,20,1113169,235.916,100.478
100_n_10_k_2_ID.txt,100,10,4355,3.76564,42.8906
100_n_15_k_2_ID.txt,100,15,4155,3.03255,42.2407
100_n_20_k_2_ID.txt,100,20,3942,3.12375,51.9886
100_n_25_k_2_ID.txt,100,25,3743,2.8194,34.1175
100_n_30_k_2_ID.txt,100,30,3656,2.73367,30.6361
100_n_35_k_2_ID.txt,100,35,3239,2.52439,38.9915
100_n_40_k_2_ID.txt,100,40,2904,2.58065,47.8531
100_n_5_k_2_ID.txt,100,5,4630,4.439,58.4872
1500_n_15_k_1_ID.txt,1500,15,1115041,272.854,112.642
1000_n_30_k_2_ID.txt,1000,30,489177,94.0722,92.6047
1000_n_25_k_2_ID.txt,1000,25,490524,95.7385,80.2765
1000_n_20_k_2_ID.txt,1000,20,492477,127.599,84.4815
2000_n_25_k_1_ID.txt,2000,25,1982330,318.278,80.6414
1000_n_15_k_2_ID.txt,1000,15,493586,156.316,95.3124
2000_n_30_k_1_ID.txt,2000,30,1978919,275.13,110.736
1500_n_10_k_1_ID.txt,1500,10,1117331,358.628,148.655
2000_n_20_k_1_ID.txt,2000,20,1984430,367.089,122.173
1000_n_10_k_2_ID.txt,1000,10,495004,193.536,128.115
2000_n_15_k_1_ID.txt,2000,15,1987111,436.864,79.6075
1500_n_5_k_1_ID.txt,1500,5,1119727,474.924,194.957
200_n_10_k_2_ID.txt,200,10,18973,10.3199,53.6132
200_n_15_k_2_ID.txt,200,15,18426,7.49894,47.6562
200_n_20_k_2_ID.txt,200,20,18043,6.20938,42.8906
200_n_25_k_2_ID.txt,200,25,17971,5.93831,62.3863
200_n_30_k_2_ID.txt,200,30,17669,5.17835,38.9915
1500_n_25_k_2_ID.txt,1500,25,1111226,215.755,90.296
200_n_35_k_2_ID.txt,200,35,17337,4.53242,70.1846
200_n_40_k_2_ID.txt,200,40,16769,4.27049,47.3468
1000_n_5_k_2_ID.txt,1000,5,496455,284.661,116.974
200_n_5_k_2_ID.txt,200,5,19203,15.0185,77.9829
1500_n_30_k_2_ID.txt,1500,30,1109676,216.38,161.381
500_n_20_k_2_ID.txt,500,20,120725,23.6705,87.7308
500_n_10_k_2_ID.txt,500,10,122334,38.8792,110.476
500_n_15_k_2_ID.txt,500,15,121675,40.2684,129.972
1500_n_20_k_2_ID.txt,1500,20,1113245,261.934,155.966
500_n_25_k_2_ID.txt,500,25,119680,17.9423,43.5787
50_n_10_k_2_ID.txt,50,10,933,2.33256,25.9943
50_n_15_k_2_ID.txt,50,15,767,2.1698,27.294
50_n_20_k_2_ID.txt,50,20,692,2.11094,31.6806
500_n_35_k_2_ID.txt,500,35,118676,13.9149,62.5915
50_n_25_k_2_ID.txt,50,25,612,2.07623,38.9915
500_n_30_k_2_ID.txt,500,30,119135,15.8758,71.4843
50_n_30_k_2_ID.txt,50,30,373,1.79081,35.4468
50_n_35_k_2_ID.txt,50,35,187,1.73111,27.851
50_n_40_k_2_ID.txt,50,40,95,1.75505,27.294
50_n_5_k_2_ID.txt,50,5,1018,2.58537,38.9915
500_n_40_k_2_ID.txt,500,40,117853,16.2311,50.0108
1500_n_15_k_2_ID.txt,1500,15,1115541,303.138,124.064
2000_n_10_k_1_ID.txt,2000,10,1989876,582.397,236.734
500_n_5_k_2_ID.txt,500,5,123211,47.1677,58.4872
100_n_10_k_3_ID.txt,100,10,4395,3.62332,35.7422
100_n_15_k_3_ID.txt,100,15,4185,3.56821,33.4212
100_n_20_k_3_ID.txt,100,20,4116,3.46379,51.9886
100_n_25_k_3_ID.txt,100,25,3765,2.68124,45.9542
100_n_30_k_3_ID.txt,100,30,3649,2.70679,43.8654
100_n_35_k_3_ID.txt,100,35,3223,2.51004,41.7766
100_n_40_k_3_ID.txt,100,40,3362,2.4765,38.9915
100_n_5_k_3_ID.txt,100,5,4552,4.51684,53.6132
1000_n_30_k_3_ID.txt,1000,30,489692,88.4046,86.756
1500_n_10_k_2_ID.txt,1500,10,1117530,404.12,149.467
1000_n_25_k_3_ID.txt,1000,25,490524,98.6701,111.404
2000_n_30_k_2_ID.txt,2000,30,1979464,287.652,141.112
1000_n_20_k_3_ID.txt,1000,20,492342,111.636,58.4872
2000_n_25_k_2_ID.txt,2000,25,1981990,302.579,88.7056
1000_n_15_k_3_ID.txt,1000,15,493496,133.595,126.722
2000_n_20_k_2_ID.txt,2000,20,1984915,387.951,104.359
1000_n_10_k_3_ID.txt,1000,10,494985,203.494,87.7308
2000_n_5_k_1_ID.txt,2000,5,1992885,689.794,152.067
1000_n_5_k_3_ID.txt,1000,5,496446,208.904,64.9858
2000_n_15_k_2_ID.txt,2000,15,1986981,440.848,97.4786
200_n_10_k_3_ID.txt,200,10,18825,9.06671,77.9829
200_n_15_k_3_ID.txt,200,15,18468,7.65984,68.235
200_n_20_k_3_ID.txt,200,20,18220,6.63729,76.0333
200_n_25_k_3_ID.txt,200,25,17877,5.7429,41.5909
200_n_30_k_3_ID.txt,200,30,17161,4.69316,33.576
200_n_35_k_3_ID.txt,200,35,17040,4.63645,45.0839
200_n_40_k_3_ID.txt,200,40,16746,4.68314,57.5124
1500_n_5_k_2_ID.txt,1500,5,1119739,526.435,253.444
200_n_5_k_3_ID.txt,200,5,19249,12.8639,58.4872
1500_n_30_k_3_ID.txt,1500,30,1109240,171.638,98.3648
500_n_20_k_3_ID.txt,500,20,120635,29.9256,37.3668
500_n_15_k_3_ID.txt,500,15,121476,37.1153,63.8042
1500_n_25_k_3_ID.txt,1500,25,1111635,220.353,64.0574
500_n_10_k_3_ID.txt,500,10,122319,44.6267,97.4786
500_n_35_k_3_ID.txt,500,35,118699,18.6751,75.5459
500_n_25_k_3_ID.txt,500,25,120087,25.7383,54.7737
500_n_30_k_3_ID.txt,500,30,119148,21.8789,64.0574
500_n_40_k_3_ID.txt,500,40,117990,17.5771,55.0966
50_n_10_k_3_ID.txt,50,10,912,3.02799,64.9858
2000_n_10_k_2_ID.txt,2000,10,1989818,555.886,79.7552
50_n_15_k_3_ID.txt,50,15,792,2.30841,24.3697
50_n_30_k_3_ID.txt,50,30,309,1.85866,31.6806
50_n_25_k_3_ID.txt,50,25,507,2.07261,32.4929
50_n_20_k_3_ID.txt,50,20,659,2.32687,32.4929
50_n_35_k_3_ID.txt,50,35,172,1.77471,20.9954
50_n_40_k_3_ID.txt,50,40,64,1.53044,24.6946
50_n_5_k_3_ID.txt,50,5,1062,2.7918,19.4957
1500_n_20_k_3_ID.txt,1500,20,1113508,252.303,128.672
500_n_5_k_3_ID.txt,500,5,123204,53.7876,188.459
1500_n_15_k_3_ID.txt,1500,15,1115644,322.379,183.817
100_n_10_k_4_ID.txt,100,10,4367,3.60639,38.9915
100_n_15_k_4_ID.txt,100,15,4135,3.53222,90.9801
100_n_20_k_4_ID.txt,100,20,4077,2.8921,30.1298
100_n_25_k_4_ID.txt,100,25,3860,2.73417,38.9915
100_n_30_k_4_ID.txt,100,30,3576,2.57452,38.9915
100_n_35_k_4_ID.txt,100,35,3381,2.34886,25.0659
100_n_40_k_4_ID.txt,100,40,3213,2.29744,32.899
2000_n_5_k_2_ID.txt,2000,5,1992976,558.677,19.4957
100_n_5_k_4_ID.txt,100,5,4604,4.73542,48.7393
1000_n_25_k_4_ID.txt,1000,25,490535,97.2327,90.6551
1000_n_30_k_4_ID.txt,1000,30,489304,96.7629,63.686
1500_n_10_k_3_ID.txt,1500,10,1117708,407.257,199.831
1000_n_20_k_4_ID.txt,1000,20,492133,119.733,72.784
1000_n_15_k_4_ID.txt,1000,15,493564,138.465,38.9915
2000_n_30_k_3_ID.txt,2000,30,1979450,272.846,109.176
2000_n_25_k_3_ID.txt,2000,25,1981419,293.169,79.427
1000_n_10_k_4_ID.txt,1000,10,494906,224.849,163.277
2000_n_20_k_3_ID.txt,2000,20,1984939,389.798,144.825
2000_n_15_k_3_ID.txt,2000,15,1986955,447.098,96.1789
1500_n_5_k_3_ID.txt,1500,5,1119734,501.308,131.596
200_n_10_k_4_ID.txt,200,10,18925,9.07674,87.7308
200_n_15_k_4_ID.txt,200,15,18458,7.40739,54.9425
1000_n_5_k_4_ID.txt,1000,5,496420,242.542,155.966
200_n_20_k_4_ID.txt,200,20,18242,6.23104,43.8654
200_n_25_k_4_ID.txt,200,25,17715,5.44661,37.3668
200_n_30_k_4_ID.txt,200,30,17548,5.5639,60.7808
200_n_35_k_4_ID.txt,200,35,17061,4.26822,37.8446
200_n_40_k_4_ID.txt,200,40,16971,4.07749,46.5731
200_n_5_k_4_ID.txt,200,5,19294,9.42344,19.4957
1500_n_30_k_4_ID.txt,1500,30,1109496,193.123,108.619
1500_n_25_k_4_ID.txt,1500,25,1111329,218.622,118.0
2000_n_10_k_3_ID.txt,2000,10,1989603,560.736,101.811
500_n_15_k_4_ID.txt,500,15,121599,28.6795,82.8568
500_n_20_k_4_ID.txt,500,20,120852,24.093,76.3583
500_n_10_k_4_ID.txt,500,10,122360,39.0963,114.808
500_n_25_k_4_ID.txt,500,25,120007,20.1704,55.8877
50_n_10_k_4_ID.txt,50,10,898,2.70486,46.7897
50_n_15_k_4_ID.txt,50,15,768,2.21689,36.2063
50_n_20_k_4_ID.txt,50,20,698,2.2745,43.3238
50_n_25_k_4_ID.txt,50,25,442,1.8761,37.0419
500_n_40_k_4_ID.txt,500,40,117725,13.0331,49.4891
500_n_35_k_4_ID.txt,500,35,118465,14.7284,67.8451
50_n_30_k_4_ID.txt,50,30,445,1.74352,25.3444
50_n_35_k_4_ID.txt,50,35,208,1.69463,26.8066
50_n_40_k_4_ID.txt,50,40,63,1.53067,25.9943
500_n_30_k_4_ID.txt,500,30,119283,20.5849,80.0351
50_n_5_k_4_ID.txt,50,5,1046,2.5126,19.4957
1500_n_20_k_4_ID.txt,1500,20,1113118,272.354,91.3221
500_n_5_k_4_ID.txt,500,5,123135,43.5842,70.1846
1500_n_15_k_4_ID.txt,1500,15,1115321,328.69,103.477
100_n_10_k_5_ID.txt,100,10,4379,3.96553,38.9915
100_n_15_k_5_ID.txt,100,15,4113,3.41431,31.1932
100_n_20_k_5_ID.txt,100,20,3947,3.14778,35.7422
100_n_25_k_5_ID.txt,100,25,3887,2.95376,38.9915
100_n_30_k_5_ID.txt,100,30,3730,2.78128,37.0419
100_n_35_k_5_ID.txt,100,35,3506,2.75848,66.2855
1000_n_25_k_5_ID.txt,1000,25,490617,89.4475,92.8914
100_n_40_k_5_ID.txt,100,40,3239,2.56691,29.7566
100_n_5_k_5_ID.txt,100,5,4587,4.34364,19.4957
1000_n_30_k_5_ID.txt,1000,30,488933,91.9841,76.3583
1000_n_20_k_5_ID.txt,1000,20,492205,122.53,94.4793
1000_n_15_k_5_ID.txt,1000,15,493653,141.232,126.722
2000_n_30_k_4_ID.txt,2000,30,1979479,255.337,92.0198
2000_n_5_k_3_ID.txt,2000,5,1992902,610.136,38.9915
2000_n_20_k_4_ID.txt,2000,20,1984496,339.602,82.4819
1500_n_10_k_4_ID.txt,1500,10,1117426,423.523,190.625
1500_n_5_k_4_ID.txt,1500,5,1119681,411.032,45.49
1000_n_10_k_5_ID.txt,1000,10,494924,182.301,95.0417
2000_n_25_k_4_ID.txt,2000,25,1982310,319.785,92.6047
2000_n_15_k_4_ID.txt,2000,15,1986928,438.175,94.2293
200_n_10_k_5_ID.txt,200,10,18802,10.1019,58.4872
200_n_15_k_5_ID.txt,200,15,18567,7.67528,40.941
200_n_20_k_5_ID.txt,200,20,18198,6.54935,44.3085
200_n_25_k_5_ID.txt,200,25,17877,6.02248,49.4891
200_n_30_k_5_ID.txt,200,30,17345,5.06587,42.2407
200_n_35_k_5_ID.txt,200,35,17024,5.27129,42.4319
200_n_40_k_5_ID.txt,200,40,16924,4.7338,40.384
1000_n_5_k_5_ID.txt,1000,5,496451,259.863,146.218
200_n_5_k_5_ID.txt,200,5,19247,11.1489,43.8654
500_n_10_k_5_ID.txt,500,10,122309,40.8065,53.1702
1500_n_30_k_5_ID.txt,1500,30,1109284,190.434,87.7308
2000_n_10_k_4_ID.txt,2000,10,1989811,544.465,116.974
500_n_15_k_5_ID.txt,500,15,121479,47.3822,114.537
500_n_20_k_5_ID.txt,500,20,120759,24.4479,80.9822
1500_n_25_k_5_ID.txt,1500,25,1111558,225.859,95.6219
500_n_25_k_5_ID.txt,500,25,120195,19.2193,52.7531
500_n_30_k_5_ID.txt,500,30,118984,17.0084,56.435
50_n_10_k_5_ID.txt,50,10,880,2.21733,32.4929
50_n_15_k_5_ID.txt,50,15,824,2.312,35.0923
1500_n_20_k_5_ID.txt,1500,20,1113614,242.398,108.445
50_n_20_k_5_ID.txt,50,20,627,1.83624,30.3267
500_n_35_k_5_ID.txt,500,35,118018,20.6448,68.7481
50_n_25_k_5_ID.txt,50,25,585,2.12916,31.1932
50_n_35_k_5_ID.txt,50,35,209,1.70877,25.9943
50_n_30_k_5_ID.txt,50,30,364,1.94526,28.3574
50_n_40_k_5_ID.txt,50,40,69,1.79816,20.8883
50_n_5_k_5_ID.txt,50,5,1012,2.68772,25.9943
500_n_40_k_5_ID.txt,500,40,117808,15.688,52.284
500_n_5_k_5_ID.txt,500,5,123189,50.7724,149.467
1500_n_15_k_5_ID.txt,1500,15,1115428,308.614,95.3124
100_n_10_k_6_ID.txt,100,10,4373,3.79655,31.1932
100_n_15_k_6_ID.txt,100,15,4114,3.34005,28.1605
100_n_20_k_6_ID.txt,100,20,4053,3.16943,41.1576
100_n_25_k_6_ID.txt,100,25,3812,2.97799,47.8531
100_n_30_k_6_ID.txt,100,30,3446,2.68267,32.4929
100_n_35_k_6_ID.txt,100,35,3383,2.63539,43.1691
100_n_40_k_6_ID.txt,100,40,3079,2.53815,41.7766
100_n_5_k_6_ID.txt,100,5,4615,4.73864,73.109
1000_n_25_k_6_ID.txt,1000,25,490472,75.3962,80.768
1000_n_30_k_6_ID.txt,1000,30,489496,98.0634,84.1394
1000_n_15_k_6_ID.txt,1000,15,493527,137.745,123.473
1000_n_20_k_6_ID.txt,1000,20,492263,139.184,72.784
2000_n_30_k_5_ID.txt,2000,30,1979428,317.495,114.431
1500_n_10_k_5_ID.txt,1500,10,1117371,415.676,126.722
1000_n_10_k_6_ID.txt,1000,10,495126,153.229,35.0923
2000_n_20_k_5_ID.txt,2000,20,1984729,352.706,130.471
2000_n_25_k_5_ID.txt,2000,25,1982472,345.651,92.3482
1500_n_5_k_5_ID.txt,1500,5,1119691,466.495,175.462
1000_n_5_k_6_ID.txt,1000,5,496428,212.411,45.49
2000_n_15_k_5_ID.txt,2000,15,1987168,485.183,131.596
200_n_10_k_6_ID.txt,200,10,18932,9.61119,63.3611
200_n_15_k_6_ID.txt,200,15,18545,7.95131,58.4872
200_n_20_k_6_ID.txt,200,20,18288,6.46229,50.6889
2000_n_5_k_4_ID.txt,2000,5,1992981,778.333,248.571
200_n_25_k_6_ID.txt,200,25,17685,5.93633,53.3567
200_n_35_k_6_ID.txt,200,35,17039,5.18447,55.7021
200_n_30_k_6_ID.txt,200,30,17607,5.75124,51.5244
200_n_40_k_6_ID.txt,200,40,16905,4.80119,40.1383
200_n_5_k_6_ID.txt,200,5,19264,9.90286,19.4957
1500_n_30_k_6_ID.txt,1500,30,1108809,190.939,110.771
500_n_20_k_6_ID.txt,500,20,121042,26.7442,76.0333
500_n_15_k_6_ID.txt,500,15,121532,33.2139,67.3489
2000_n_10_k_5_ID.txt,2000,10,1989938,570.326,163.055
500_n_10_k_6_ID.txt,500,10,122430,41.7947,75.1978
1500_n_25_k_6_ID.txt,1500,25,1111548,225.271,84.0753
500_n_25_k_6_ID.txt,500,25,120052,19.2578,80.768
500_n_35_k_6_ID.txt,500,35,118657,17.8764,58.4872
500_n_40_k_6_ID.txt,500,40,117874,16.5654,52.7107
1500_n_20_k_6_ID.txt,1500,20,1113421,271.868,103.571
50_n_10_k_6_ID.txt,50,10,907,2.40917,29.2436
50_n_15_k_6_ID.txt,50,15,750,2.52893,35.7422
50_n_20_k_6_ID.txt,50,20,658,2.27307,29.2436
50_n_25_k_6_ID.txt,50,25,563,2.24053,43.8654
500_n_30_k_6_ID.txt,500,30,119140,22.9926,73.6505
50_n_30_k_6_ID.txt,50,30,435,1.85599,21.1204
50_n_40_k_6_ID.txt,50,40,48,1.57992,20.7954
50_n_35_k_6_ID.txt,50,35,163,1.94258,28.3574
50_n_5_k_6_ID.txt,50,5,1045,3.18403,38.9915
1500_n_15_k_6_ID.txt,1500,15,1115283,306.665,86.9809
500_n_5_k_6_ID.txt,500,5,123177,56.0186,112.1
100_n_10_k_7_ID.txt,100,10,4449,3.83127,35.0923
100_n_15_k_7_ID.txt,100,15,4170,3.35925,32.4929
100_n_20_k_7_ID.txt,100,20,3913,2.927,32.4929
100_n_25_k_7_ID.txt,100,25,3821,2.80467,32.9928
100_n_30_k_7_ID.txt,100,30,3558,2.80283,35.0923
100_n_35_k_7_ID.txt,100,35,3209,2.60781,31.1932
100_n_40_k_7_ID.txt,100,40,2973,2.53377,31.5645
100_n_5_k_7_ID.txt,100,5,4588,4.77776,32.4929
1500_n_10_k_6_ID.txt,1500,10,1117491,395.08,152.067
1000_n_25_k_7_ID.txt,1000,25,490545,89.1218,74.3275
1000_n_30_k_7_ID.txt,1000,30,488865,91.0041,93.2404
1000_n_20_k_7_ID.txt,1000,20,492161,122.693,92.6047
2000_n_25_k_6_ID.txt,2000,25,1981859,329.209,126.722
2000_n_5_k_5_ID.txt,2000,5,1992947,666.31,64.9858
1000_n_15_k_7_ID.txt,1000,15,493385,150.096,107.976
2000_n_30_k_6_ID.txt,2000,30,1979816,275.962,77.9829
2000_n_20_k_6_ID.txt,2000,20,1984618,397.21,146.218
1000_n_10_k_7_ID.txt,1000,10,494928,185.381,77.9829
1500_n_5_k_6_ID.txt,1500,5,1119666,442.68,87.7308
1000_n_5_k_7_ID.txt,1000,5,496454,221.134,85.7812
2000_n_15_k_6_ID.txt,2000,15,1987211,451.888,103.977
200_n_10_k_7_ID.txt,200,10,18885,8.83625,52.917
200_n_15_k_7_ID.txt,200,15,18295,6.58904,64.9858
200_n_20_k_7_ID.txt,200,20,18057,5.69172,44.1903
200_n_25_k_7_ID.txt,200,25,17935,5.07125,53.2883
200_n_30_k_7_ID.txt,200,30,17351,4.66875,49.4891
200_n_35_k_7_ID.txt,200,35,17011,4.12435,43.5787
200_n_40_k_7_ID.txt,200,40,16546,3.9705,41.9158
200_n_5_k_7_ID.txt,200,5,19247,8.99919,32.4929
500_n_15_k_7_ID.txt,500,15,121545,29.7227,70.8935
500_n_10_k_7_ID.txt,500,10,122472,40.093,72.4127
1500_n_30_k_7_ID.txt,1500,30,1109036,170.206,82.6619
500_n_20_k_7_ID.txt,500,20,120977,23.7648,52.4885
500_n_25_k_7_ID.txt,500,25,120041,21.2722,73.6505
500_n_30_k_7_ID.txt,500,30,119455,17.645,90.9801
1500_n_25_k_7_ID.txt,1500,25,1111518,221.429,66.2855
50_n_10_k_7_ID.txt,50,10,956,2.32791,29.2436
500_n_40_k_7_ID.txt,500,40,117919,13.9877,70.8935
50_n_15_k_7_ID.txt,50,15,757,1.94692,38.9915
50_n_20_k_7_ID.txt,50,20,718,2.02422,30.6361
50_n_25_k_7_ID.txt,50,25,409,1.63715,31.9021
50_n_30_k_7_ID.txt,50,30,305,1.82698,29.9934
50_n_35_k_7_ID.txt,50,35,176,1.64117,28.5937
500_n_35_k_7_ID.txt,500,35,118439,20.0934,66.1159
50_n_40_k_7_ID.txt,50,40,61,1.54061,24.8127
50_n_5_k_7_ID.txt,50,5,1032,2.10144,19.4957
1500_n_15_k_7_ID.txt,1500,15,1115315,270.419,77.9829
500_n_5_k_7_ID.txt,500,5,123208,46.5082,97.4786
2000_n_10_k_6_ID.txt,2000,10,1989882,597.209,134.304
1500_n_20_k_7_ID.txt,1500,20,1113589,293.241,110.976
100_n_10_k_8_ID.txt,100,10,4434,3.903,34.1175
100_n_15_k_8_ID.txt,100,15,4201,3.52054,41.1576
100_n_20_k_8_ID.txt,100,20,4019,3.05979,38.9915
100_n_25_k_8_ID.txt,100,25,3782,2.89897,37.5989
100_n_30_k_8_ID.txt,100,30,3589,2.71047,30.6361
100_n_35_k_8_ID.txt,100,35,3450,2.79032,50.364
100_n_40_k_8_ID.txt,100,40,3129,2.53754,34.4042
100_n_5_k_8_ID.txt,100,5,4630,6.05497,1000.0
1000_n_30_k_8_ID.txt,1000,30,489334,80.1664,79.9325
1000_n_20_k_8_ID.txt,1000,20,492110,115.851,100.078
1000_n_25_k_8_ID.txt,1000,25,490700,97.0582,82.8568
1000_n_15_k_8_ID.txt,1000,15,493431,129.56,90.3893
2000_n_20_k_7_ID.txt,2000,20,1984526,327.642,91.3862
2000_n_25_k_7_ID.txt,2000,25,1982306,296.091,100.869
2000_n_30_k_7_ID.txt,2000,30,1979531,306.892,77.2866
1500_n_10_k_7_ID.txt,1500,10,1117614,436.182,112.642
1000_n_10_k_8_ID.txt,1000,10,494865,183.875,62.3863
2000_n_5_k_6_ID.txt,2000,5,1992877,689.475,103.977
1000_n_5_k_8_ID.txt,1000,5,496419,208.438,19.4957
2000_n_15_k_7_ID.txt,2000,15,1987316,484.366,76.2106
1500_n_30_k_8_ID.txt,1500,30,1109385,184.877,61.0301
200_n_10_k_8_ID.txt,200,10,18845,8.26273,77.9829
200_n_15_k_8_ID.txt,200,15,18375,6.67529,67.1519
200_n_20_k_8_ID.txt,200,20,18282,5.34596,44.3085
200_n_25_k_8_ID.txt,200,25,17938,4.82302,37.9084
200_n_35_k_8_ID.txt,200,35,17052,4.08956,36.652
200_n_30_k_8_ID.txt,200,30,17475,4.78829,65.9855
2000_n_10_k_7_ID.txt,2000,10,1989923,527.192,110.976
200_n_40_k_8_ID.txt,200,40,16850,3.8618,29.2436
200_n_5_k_8_ID.txt,200,5,19250,9.80198,50.6889
1500_n_25_k_8_ID.txt,1500,25,1111285,217.296,95.6219
500_n_15_k_8_ID.txt,500,15,121597,27.0113,44.3085
500_n_20_k_8_ID.txt,500,20,120808,27.9743,90.9801
500_n_25_k_8_ID.txt,500,25,120363,23.6945,51.5244
500_n_10_k_8_ID.txt,500,10,122368,45.0422,131.596
500_n_30_k_8_ID.txt,500,30,119152,17.9466,79.009
1500_n_20_k_8_ID.txt,1500,20,1113080,264.669,158.965
1500_n_5_k_7_ID.txt,1500,5,1119667,583.657,692.098
500_n_40_k_8_ID.txt,500,40,117586,12.2491,56.9275
50_n_10_k_8_ID.txt,50,10,885,2.68141,43.8654
50_n_20_k_8_ID.txt,50,20,723,1.97717,41.4284
50_n_25_k_8_ID.txt,50,25,446,1.80481,33.1427
50_n_15_k_8_ID.txt,50,15,817,2.25295,24.3697
500_n_35_k_8_ID.txt,500,35,118085,14.8676,62.5915
50_n_30_k_8_ID.txt,50,30,375,2.06317,26.4585
50_n_35_k_8_ID.txt,50,35,288,1.70723,24.8127
50_n_40_k_8_ID.txt,50,40,77,1.65625,31.1932
50_n_5_k_8_ID.txt,50,5,1040,2.91568,45.49
1500_n_15_k_8_ID.txt,1500,15,1115528,289.195,67.3489
500_n_5_k_8_ID.txt,500,5,123114,58.7755,165.714
100_n_10_k_9_ID.txt,100,10,4401,3.96094,42.8906
100_n_15_k_9_ID.txt,100,15,4133,3.24885,47.3468
100_n_20_k_9_ID.txt,100,20,3978,2.94438,38.9915
100_n_25_k_9_ID.txt,100,25,3848,2.92303,40.7638
100_n_30_k_9_ID.txt,100,30,3625,2.58137,31.1932
100_n_35_k_9_ID.txt,100,35,3272,2.38323,32.1106
100_n_40_k_9_ID.txt,100,40,3210,2.50204,35.336
100_n_5_k_9_ID.txt,100,5,4625,4.33628,32.4929
1000_n_30_k_9_ID.txt,1000,30,489631,81.9602,63.9027
1000_n_25_k_9_ID.txt,1000,25,490671,94.7445,100.728
1500_n_10_k_8_ID.txt,1500,10,1117506,408.803,103.977
1000_n_20_k_9_ID.txt,1000,20,492191,113.17,94.6935
2000_n_25_k_8_ID.txt,2000,25,1981911,325.257,158.018
1000_n_15_k_9_ID.txt,1000,15,493388,149.147,77.9829
2000_n_30_k_8_ID.txt,2000,30,1979488,292.026,125.639
2000_n_20_k_8_ID.txt,2000,20,1984809,391.904,119.411
1500_n_5_k_8_ID.txt,1500,5,1119711,438.87,58.4872
1000_n_10_k_9_ID.txt,1000,10,495013,218.519,211.668
2000_n_5_k_7_ID.txt,2000,5,1992884,723.532,253.444
2000_n_15_k_8_ID.txt,2000,15,1986972,453.556,123.937
1000_n_5_k_9_ID.txt,1000,5,496507,236.839,71.4843
200_n_10_k_9_ID.txt,200,10,18937,8.75396,33.1427
200_n_20_k_9_ID.txt,200,20,18026,6.53585,44.1903
200_n_15_k_9_ID.txt,200,15,18491,8.45657,63.8042
200_n_25_k_9_ID.txt,200,25,17540,6.01148,50.6889
200_n_30_k_9_ID.txt,200,30,17439,5.7901,36.392
200_n_35_k_9_ID.txt,200,35,16672,4.89821,41.9158
200_n_40_k_9_ID.txt,200,40,17189,4.80881,47.0191
200_n_5_k_9_ID.txt,200,5,19252,11.1327,77.9829
1500_n_30_k_9_ID.txt,1500,30,1109614,193.961,91.5451
500_n_15_k_9_ID.txt,500,15,121682,32.6334,47.6562
500_n_10_k_9_ID.txt,500,10,122387,45.3067,68.235
1500_n_25_k_9_ID.txt,1500,25,1111406,217.45,92.0631
500_n_30_k_9_ID.txt,500,30,119193,17.2457,64.3359
500_n_20_k_9_ID.txt,500,20,120766,27.5108,82.4819
500_n_25_k_9_ID.txt,500,25,119872,22.2766,72.784
50_n_10_k_9_ID.txt,50,10,879,2.97337,25.9943
50_n_15_k_9_ID.txt,50,15,750,2.50577,30.6361
500_n_35_k_9_ID.txt,500,35,118502,14.8218,51.1763
50_n_20_k_9_ID.txt,50,20,700,2.40527,43.3238
2000_n_10_k_8_ID.txt,2000,10,1989772,564.665,87.7308
50_n_25_k_9_ID.txt,50,25,501,2.15586,30.3267
50_n_40_k_9_ID.txt,50,40,64,1.58368,28.4938
50_n_35_k_9_ID.txt,50,35,148,1.72864,29.8934
50_n_30_k_9_ID.txt,50,30,404,1.87539,27.294
50_n_5_k_9_ID.txt,50,5,1042,2.88729,48.7393
500_n_40_k_9_ID.txt,500,40,117632,15.1832,56.2377
1500_n_20_k_9_ID.txt,1500,20,1112932,261.939,120.053
500_n_5_k_9_ID.txt,500,5,123130,43.0947,29.2436
1500_n_15_k_9_ID.txt,1500,15,1115580,314.965,110.476
100_n_10_k_10_ID.txt,100,10,4440,3.44469,24.3697
100_n_15_k_10_ID.txt,100,15,4257,3.48335,52.917
100_n_20_k_10_ID.txt,100,20,3880,2.97092,40.7638
100_n_25_k_10_ID.txt,100,25,3881,2.70539,30.3267
100_n_30_k_10_ID.txt,100,30,3700,2.8006,51.9886
100_n_35_k_10_ID.txt,100,35,3377,2.4607,35.551
100_n_40_k_10_ID.txt,100,40,2785,2.35625,34.1175
100_n_5_k_10_ID.txt,100,5,4585,4.56312,77.9829
1000_n_30_k_10_ID.txt,1000,30,489512,70.9122,103.977
1000_n_25_k_10_ID.txt,1000,25,490816,90.4396,87.1574
2000_n_5_k_8_ID.txt,2000,5,1992912,602.18,48.7393
1000_n_20_k_10_ID.txt,1000,20,491920,132.277,98.5047
1500_n_10_k_9_ID.txt,1500,10,1117488,412.985,197.394
2000_n_30_k_9_ID.txt,2000,30,1979117,273.266,97.4786
1000_n_15_k_10_ID.txt,1000,15,493658,151.19,70.8935
1000_n_10_k_10_ID.txt,1000,10,494964,180.281,38.9915
2000_n_25_k_9_ID.txt,2000,25,1981649,335.085,146.682
2000_n_20_k_9_ID.txt,2000,20,1984288,381.161,126.722
1000_n_5_k_10_ID.txt,1000,5,496407,209.346,45.49
2000_n_15_k_9_ID.txt,2000,15,1987131,455.783,111.404
200_n_10_k_10_ID.txt,200,10,18882,7.77548,31.1932
1500_n_5_k_9_ID.txt,1500,5,1119776,495.743,155.966
200_n_15_k_10_ID.txt,200,15,18538,6.52311,44.8402
200_n_20_k_10_ID.txt,200,20,18218,5.20296,40.7638
200_n_30_k_10_ID.txt,200,30,17417,4.49298,45.0839
200_n_25_k_10_ID.txt,200,25,17929,4.93512,34.1175
200_n_35_k_10_ID.txt,200,35,17060,4.53722,42.6469
200_n_40_k_10_ID.txt,200,40,16844,5.32062,47.0191
200_n_5_k_10_ID.txt,200,5,19244,14.437,103.977
500_n_15_k_10_ID.txt,500,15,121665,27.2495,58.4872
500_n_10_k_10_ID.txt,500,10,122367,44.0077,159.215
1500_n_30_k_10_ID.txt,1500,30,1109426,202.311,129.043
500_n_25_k_10_ID.txt,500,25,119985,18.6076,45.1946
500_n_20_k_10_ID.txt,500,20,120889,22.2933,63.3611
2000_n_10_k_9_ID.txt,2000,10,1989908,551.068,76.2106
1500_n_20_k_10_ID.txt,1500,20,1113351,265.332,107.226
500_n_30_k_10_ID.txt,500,30,119134,22.383,59.7869
50_n_10_k_10_ID.txt,50,10,926,2.06722,19.4957
1500_n_25_k_10_ID.txt,1500,25,1111556,233.473,115.891
50_n_15_k_10_ID.txt,50,15,796,2.2818,43.3238
50_n_20_k_10_ID.txt,50,20,585,1.99229,27.294
50_n_25_k_10_ID.txt,50,25,492,1.85932,24.8127
50_n_30_k_10_ID.txt,50,30,372,1.86491,35.4468
50_n_35_k_10_ID.txt,50,35,187,1.53498,22.0952
50_n_40_k_10_ID.txt,50,40,91,1.58798,24.3697
500_n_40_k_10_ID.txt,500,40,117483,13.1141,62.3863
50_n_5_k_10_ID.txt,50,5,1034,2.69384,38.9915
500_n_35_k_10_ID.txt,500,35,118822,15.6525,64.9858
1500_n_15_k_10_ID.txt,1500,15,1115664,294.085,131.971
500_n_5_k_10_ID.txt,500,5,123258,27.5157,97.4786
1500_n_10_k_10_ID.txt,1500,10,1117608,327.922,73.6505
2000_n_30_k_10_ID.txt,2000,30,1979472,191.817,84.4815
2000_n_25_k_10_ID.txt,2000,25,1981556,227.164,111.657
1500_n_5_k_10_ID.txt,1500,5,1119649,303.155,68.235
2000_n_5_k_9_ID.txt,2000,5,1992895,575.014,87.7308
2000_n_20_k_10_ID.txt,2000,20,1984272,277.766,157.113
2000_n_15_k_10_ID.txt,2000,15,1987169,311.033,106.577
2000_n_10_k_10_ID.txt,2000,10,1989737,326.315,126.722
2000_n_5_k_10_ID.txt,2000,5,1992972,275.334,191.058
