Instance,n,k,Valeur,Candidats_generes,Temps_s
100_n_10_k_1_ID.txt,100,10,4410,4395,0.0365
100_n_5_k_1_ID.txt,100,5,4598,458,0.0034
100_n_15_k_1_ID.txt,100,15,4199,41548,0.4972
100_n_20_k_1_ID.txt,100,20,4070,327208,2.5099
1000_n_5_k_1_ID.txt,1000,5,496397,3463,0.4250
1000_n_10_k_1_ID.txt,1000,10,495011,24371,1.8253
1500_n_10_k_1_ID.txt,1500,10,1117331,38005,5.9748
1500_n_5_k_1_ID.txt,1500,5,1119727,5202,2.5697
1000_n_15_k_1_ID.txt,1000,15,493537,265364,28.1599
2000_n_10_k_1_ID.txt,2000,10,1989876,46512,21.7393
100_n_25_k_1_ID.txt,100,25,3790,7663944,48.1555
200_n_10_k_1_ID.txt,200,10,18925,9696,0.0936
200_n_15_k_1_ID.txt,200,15,18473,101164,1.0698
200_n_20_k_1_ID.txt,200,20,18018,521001,6.1164
1500_n_15_k_1_ID.txt,1500,15,1115012,286350,54.6321
2000_n_5_k_1_ID.txt,2000,5,1992885,7047,6.4675
1000_n_20_k_1_ID.txt,1000,20,492034,1138178,88.7655
200_n_25_k_1_ID.txt,200,25,17826,2787941,33.9839
200_n_5_k_1_ID.txt,200,5,19262,1160,0.0147
500_n_10_k_1_ID.txt,500,10,122503,15375,0.5642
2000_n_15_k_1_ID.txt,2000,15,1986933,392355,81.5974
500_n_15_k_1_ID.txt,500,15,121556,145550,4.4587
500_n_20_k_1_ID.txt,500,20,120486,1174665,21.7644
100_n_30_k_1_ID.txt,100,30,3763,19080464,180.2040
1500_n_20_k_1_ID.txt,1500,20,1113128,1998691,215.6070
200_n_30_k_1_ID.txt,200,30,17542,14424272,205.6110
500_n_5_k_1_ID.txt,500,5,123230,2213,0.1342
50_n_10_k_1_ID.txt,50,10,896,3209,0.0096
50_n_15_k_1_ID.txt,50,15,736,24338,0.0815
50_n_20_k_1_ID.txt,50,20,682,162236,0.6927
50_n_25_k_1_ID.txt,50,25,535,3350456,20.5448
500_n_25_k_1_ID.txt,500,25,120028,10080728,208.5700
1000_n_25_k_1_ID.txt,1000,25,490465,7500065,363.2800
2000_n_20_k_1_ID.txt,2000,20,1984423,2781813,477.9320
50_n_5_k_1_ID.txt,50,5,1062,299,0.0005
1000_n_10_k_2_ID.txt,1000,10,495004,26225,1.9057
1000_n_15_k_2_ID.txt,1000,15,493585,169891,9.2034
1000_n_30_k_1_ID.txt,1000,30,NA,11989186,600.0000
1500_n_30_k_1_ID.txt,1500,30,NA,8729655,600.0000
1500_n_25_k_1_ID.txt,1500,25,NA,4317365,600.0000
100_n_10_k_2_ID.txt,100,10,4355,6933,0.0210
100_n_15_k_2_ID.txt,100,15,4155,27230,0.0867
1000_n_5_k_2_ID.txt,1000,5,496455,3775,0.8408
100_n_20_k_2_ID.txt,100,20,3911,369016,1.6495
100_n_25_k_2_ID.txt,100,25,3735,1826037,14.2506
2000_n_25_k_1_ID.txt,2000,25,NA,4252542,600.0000
100_n_5_k_2_ID.txt,100,5,4630,385,0.0016
2000_n_30_k_1_ID.txt,2000,30,NA,4758678,600.0000
1500_n_10_k_2_ID.txt,1500,10,1117530,32279,8.3657
1000_n_20_k_2_ID.txt,1000,20,492405,2261001,144.0610
50_n_30_k_1_ID.txt,50,30,333,52625976,365.9140
200_n_35_k_1_ID.txt,200,35,NA,42162426,600.0000
1500_n_15_k_2_ID.txt,1500,15,1115541,219527,28.5255
200_n_40_k_1_ID.txt,200,40,NA,45261324,600.0000
1500_n_5_k_2_ID.txt,1500,5,1119739,5147,2.5994
500_n_30_k_1_ID.txt,500,30,NA,28648164,600.0000
100_n_30_k_2_ID.txt,100,30,3656,13081532,122.4700
2000_n_10_k_2_ID.txt,2000,10,1989817,55871,25.8757
2000_n_5_k_2_ID.txt,2000,5,1992976,6875,5.9452
200_n_10_k_2_ID.txt,200,10,18973,9192,0.0953
200_n_15_k_2_ID.txt,200,15,18423,60884,0.6110
200_n_20_k_2_ID.txt,200,20,18035,548809,6.4360
500_n_35_k_1_ID.txt,500,35,NA,19082182,600.0000
500_n_40_k_1_ID.txt,500,40,NA,21548270,600.0000
200_n_25_k_2_ID.txt,200,25,17970,4360115,53.3549
2000_n_15_k_2_ID.txt,2000,15,1986981,394972,135.0340
200_n_5_k_2_ID.txt,200,5,19203,1102,0.0074
500_n_10_k_2_ID.txt,500,10,122317,18009,0.6234
500_n_15_k_2_ID.txt,500,15,121623,157686,5.0857
500_n_20_k_2_ID.txt,500,20,120719,1341083,39.3922
200_n_30_k_2_ID.txt,200,30,17667,12885186,117.7700
50_n_35_k_1_ID.txt,50,35,NA,87673416,600.0000
1500_n_20_k_2_ID.txt,1500,20,1113237,1800347,308.8290
50_n_40_k_1_ID.txt,50,40,NA,101473718,610.2750
500_n_5_k_2_ID.txt,500,5,123211,2212,0.0744
50_n_10_k_2_ID.txt,50,10,933,4298,0.0135
50_n_15_k_2_ID.txt,50,15,767,58382,0.2226
50_n_20_k_2_ID.txt,50,20,691,345047,1.6634
50_n_25_k_2_ID.txt,50,25,610,3449652,21.0881
500_n_25_k_2_ID.txt,500,25,119680,5854578,171.7700
50_n_30_k_2_ID.txt,50,30,364,13193344,70.3808
1000_n_25_k_2_ID.txt,1000,25,NA,8273003,600.0000
1000_n_30_k_2_ID.txt,1000,30,NA,12577475,600.0000
50_n_5_k_2_ID.txt,50,5,1018,389,0.0011
1000_n_10_k_3_ID.txt,1000,10,494985,27299,3.6744
1000_n_15_k_3_ID.txt,1000,15,493496,195342,19.8330
2000_n_20_k_2_ID.txt,2000,20,1984900,2698308,443.0390
100_n_35_k_2_ID.txt,100,35,NA,81507155,600.0000
100_n_40_k_2_ID.txt,100,40,NA,64851030,600.0000
1000_n_5_k_3_ID.txt,1000,5,496444,3534,0.4515
100_n_10_k_3_ID.txt,100,10,4392,5445,0.0172
100_n_15_k_3_ID.txt,100,15,4185,37614,0.1362
100_n_20_k_3_ID.txt,100,20,4111,237774,1.1226
100_n_25_k_3_ID.txt,100,25,3722,3412535,20.2254
1500_n_25_k_2_ID.txt,1500,25,NA,4344662,600.0000
1000_n_20_k_3_ID.txt,1000,20,492225,1396387,126.2610
100_n_5_k_3_ID.txt,100,5,4552,631,0.0029
1500_n_30_k_2_ID.txt,1500,30,NA,5828153,600.0000
1500_n_10_k_3_ID.txt,1500,10,1117708,42646,11.4201
2000_n_25_k_2_ID.txt,2000,25,NA,3711886,600.0000
1500_n_15_k_3_ID.txt,1500,15,1115642,242960,54.3796
2000_n_30_k_2_ID.txt,2000,30,NA,5693337,600.0000
1500_n_5_k_3_ID.txt,1500,5,1119734,5422,2.6414
2000_n_10_k_3_ID.txt,2000,10,1989601,62732,27.7457
200_n_35_k_2_ID.txt,200,35,NA,39710109,600.0000
200_n_40_k_2_ID.txt,200,40,NA,48118661,600.0000
100_n_30_k_3_ID.txt,100,30,3648,30000525,205.8610
1500_n_20_k_3_ID.txt,1500,20,1113504,1793466,186.1520
500_n_30_k_2_ID.txt,500,30,NA,28207657,600.0000
2000_n_5_k_3_ID.txt,2000,5,1992902,6783,6.4392
200_n_10_k_3_ID.txt,200,10,18825,9867,0.0972
200_n_15_k_3_ID.txt,200,15,18462,62037,0.5995
200_n_20_k_3_ID.txt,200,20,18214,869065,10.6424
500_n_35_k_2_ID.txt,500,35,NA,25798996,600.0000
200_n_25_k_3_ID.txt,200,25,17866,4172987,33.0846
500_n_40_k_2_ID.txt,500,40,NA,24080565,600.0000
2000_n_15_k_3_ID.txt,2000,15,1986955,407296,137.7100
200_n_5_k_3_ID.txt,200,5,19249,1100,0.0126
500_n_10_k_3_ID.txt,500,10,122319,19121,0.7494
500_n_15_k_3_ID.txt,500,15,121476,130122,3.8476
500_n_20_k_3_ID.txt,500,20,120633,779720,21.9894
50_n_35_k_2_ID.txt,50,35,NA,88941401,600.0000
1000_n_25_k_3_ID.txt,1000,25,490519,10321981,527.7110
50_n_40_k_2_ID.txt,50,40,NA,80296357,600.0000
500_n_25_k_3_ID.txt,500,25,120041,4389167,134.2360
500_n_5_k_3_ID.txt,500,5,123204,2079,0.1119
50_n_10_k_3_ID.txt,50,10,912,1723,0.0047
50_n_15_k_3_ID.txt,50,15,792,28346,0.1036
50_n_20_k_3_ID.txt,50,20,656,169520,0.7255
50_n_25_k_3_ID.txt,50,25,507,1514652,8.5006
1000_n_30_k_3_ID.txt,1000,30,NA,13058624,600.0000
100_n_35_k_3_ID.txt,100,35,NA,67285221,600.0000
100_n_40_k_3_ID.txt,100,40,NA,61586858,600.0000
50_n_5_k_3_ID.txt,50,5,1062,428,0.0008
1000_n_10_k_4_ID.txt,1000,10,494906,28438,2.1952
1000_n_15_k_4_ID.txt,1000,15,493550,209642,20.9867
1500_n_25_k_3_ID.txt,1500,25,NA,5816749,600.0000
1500_n_30_k_3_ID.txt,1500,30,NA,6484349,600.0000
1000_n_20_k_4_ID.txt,1000,20,492133,1524085,71.4572
100_n_10_k_4_ID.txt,100,10,4367,5013,0.0150
100_n_15_k_4_ID.txt,100,15,4135,68095,0.2628
1000_n_5_k_4_ID.txt,1000,5,496420,3851,0.4990
100_n_20_k_4_ID.txt,100,20,4073,650634,3.6606
100_n_25_k_4_ID.txt,100,25,3860,1938448,10.0416
200_n_30_k_3_ID.txt,200,30,17161,36192086,498.7340
2000_n_20_k_3_ID.txt,2000,20,NA,2001497,600.0000
100_n_5_k_4_ID.txt,100,5,4604,808,0.0041
2000_n_25_k_3_ID.txt,2000,25,NA,4046533,600.0000
2000_n_30_k_3_ID.txt,2000,30,NA,4975342,600.0000
1500_n_10_k_4_ID.txt,1500,10,1117426,42398,12.9994
1500_n_15_k_4_ID.txt,1500,15,1115321,264541,33.7290
1500_n_5_k_4_ID.txt,1500,5,1119681,5096,2.5977
100_n_30_k_4_ID.txt,100,30,3558,24377633,179.2800
200_n_35_k_3_ID.txt,200,35,NA,46912147,600.0000
2000_n_10_k_4_ID.txt,2000,10,1989807,54977,26.5509
2000_n_5_k_4_ID.txt,2000,5,1992981,6817,5.6747
200_n_10_k_4_ID.txt,200,10,18925,7712,0.0724
500_n_30_k_3_ID.txt,500,30,NA,20633062,600.0000
200_n_15_k_4_ID.txt,200,15,18458,104270,1.0819
200_n_20_k_4_ID.txt,200,20,18226,439172,4.7542
200_n_25_k_4_ID.txt,200,25,17715,3189316,41.0948
2000_n_15_k_4_ID.txt,2000,15,1986841,426633,90.4707
1500_n_20_k_4_ID.txt,1500,20,1113114,1533888,188.7290
200_n_5_k_4_ID.txt,200,5,19294,939,0.0111
500_n_10_k_4_ID.txt,500,10,122360,18566,0.7305
500_n_15_k_4_ID.txt,500,15,121569,167029,5.6914
500_n_35_k_3_ID.txt,500,35,NA,27509571,600.0000
500_n_40_k_3_ID.txt,500,40,NA,24406737,600.0000
500_n_20_k_4_ID.txt,500,20,120773,1385640,43.8300
50_n_35_k_3_ID.txt,50,35,NA,80606869,600.0000
500_n_25_k_4_ID.txt,500,25,119991,6551751,119.1790
500_n_5_k_4_ID.txt,500,5,123135,2016,0.0660
50_n_10_k_4_ID.txt,50,10,898,3209,0.0064
50_n_15_k_4_ID.txt,50,15,764,30936,0.0731
50_n_20_k_4_ID.txt,50,20,684,305022,0.9785
1000_n_25_k_4_ID.txt,1000,25,490535,6947027,529.1320
50_n_25_k_4_ID.txt,50,25,403,3717476,15.3321
200_n_30_k_4_ID.txt,200,30,17523,17644930,273.3610
1000_n_30_k_4_ID.txt,1000,30,NA,12736423,600.0000
50_n_5_k_4_ID.txt,50,5,1046,328,0.0006
1000_n_10_k_5_ID.txt,1000,10,494924,28232,3.6810
100_n_35_k_4_ID.txt,100,35,NA,68060316,600.0000
1000_n_15_k_5_ID.txt,1000,15,493653,203516,20.5951
100_n_40_k_4_ID.txt,100,40,NA,57894870,600.0000
1000_n_20_k_5_ID.txt,1000,20,492189,1352433,87.6655
1500_n_30_k_4_ID.txt,1500,30,NA,7359648,600.0000
1500_n_25_k_4_ID.txt,1500,25,NA,5176077,600.0000
1000_n_5_k_5_ID.txt,1000,5,496451,3691,0.8479
100_n_10_k_5_ID.txt,100,10,4376,6040,0.0288
100_n_15_k_5_ID.txt,100,15,4112,46744,0.2625
100_n_20_k_5_ID.txt,100,20,3947,334290,2.2754
2000_n_20_k_4_ID.txt,2000,20,NA,2100803,600.0000
100_n_25_k_5_ID.txt,100,25,3880,9703350,75.0439
2000_n_25_k_4_ID.txt,2000,25,NA,3728320,600.0000
100_n_5_k_5_ID.txt,100,5,4587,586,0.0017
2000_n_30_k_4_ID.txt,2000,30,NA,5773576,600.0000
1500_n_10_k_5_ID.txt,1500,10,1117371,34695,9.2942
100_n_30_k_5_ID.txt,100,30,3730,15166360,124.2230
1500_n_5_k_5_ID.txt,1500,5,1119691,5289,2.5773
1500_n_15_k_5_ID.txt,1500,15,1115426,334057,60.5857
200_n_35_k_4_ID.txt,200,35,NA,37666211,600.0000
200_n_40_k_4_ID.txt,200,40,NA,47080107,600.0000
2000_n_10_k_5_ID.txt,2000,10,1989938,54517,18.0397
500_n_30_k_4_ID.txt,500,30,NA,21723139,600.0000
500_n_35_k_4_ID.txt,500,35,NA,21644365,600.0000
200_n_10_k_5_ID.txt,200,10,18802,8202,0.0510
200_n_15_k_5_ID.txt,200,15,18566,57801,0.3765
200_n_20_k_5_ID.txt,200,20,18198,427798,2.6322
2000_n_5_k_5_ID.txt,2000,5,1992947,6691,6.0399
200_n_25_k_5_ID.txt,200,25,17869,2415452,19.8388
500_n_40_k_4_ID.txt,500,40,NA,24504784,600.0000
2000_n_15_k_5_ID.txt,2000,15,1987155,378437,135.5290
200_n_5_k_5_ID.txt,200,5,19247,1059,0.0074
500_n_10_k_5_ID.txt,500,10,122309,15623,0.5470
500_n_15_k_5_ID.txt,500,15,121473,154004,5.0043
500_n_20_k_5_ID.txt,500,20,120747,1019989,18.6329
50_n_35_k_4_ID.txt,50,35,NA,89388159,600.0000
1500_n_20_k_5_ID.txt,1500,20,1113614,1793633,281.4030
50_n_40_k_4_ID.txt,50,40,NA,79637333,600.0000
500_n_25_k_5_ID.txt,500,25,120178,5475213,139.7660
500_n_5_k_5_ID.txt,500,5,123189,2181,0.0735
50_n_10_k_5_ID.txt,50,10,880,6144,0.0129
50_n_15_k_5_ID.txt,50,15,823,20214,0.0474
50_n_20_k_5_ID.txt,50,20,627,117022,0.3172
50_n_25_k_5_ID.txt,50,25,558,3769456,16.7241
1000_n_25_k_5_ID.txt,1000,25,NA,12593916,600.0000
1000_n_30_k_5_ID.txt,1000,30,NA,10654247,600.0000
100_n_35_k_5_ID.txt,100,35,NA,55417494,600.0000
50_n_5_k_5_ID.txt,50,5,1012,306,0.0008
1000_n_10_k_6_ID.txt,1000,10,495126,25795,3.5133
1000_n_15_k_6_ID.txt,1000,15,493526,173809,19.3176
100_n_40_k_5_ID.txt,100,40,NA,71171972,600.0000
1500_n_25_k_5_ID.txt,1500,25,NA,5700729,600.0000
1500_n_30_k_5_ID.txt,1500,30,NA,6315529,600.0000
50_n_30_k_5_ID.txt,50,30,351,41420928,245.5810
1000_n_5_k_6_ID.txt,1000,5,496428,3727,0.8389
100_n_10_k_6_ID.txt,100,10,4373,5028,0.0239
100_n_15_k_6_ID.txt,100,15,4112,34165,0.1837
2000_n_20_k_5_ID.txt,2000,20,1984727,2540479,553.4070
100_n_20_k_6_ID.txt,100,20,4035,242281,1.5656
100_n_25_k_6_ID.txt,100,25,3806,2001239,12.8913
1000_n_20_k_6_ID.txt,1000,20,492215,1222648,113.7010
100_n_5_k_6_ID.txt,100,5,4615,501,0.0024
2000_n_30_k_5_ID.txt,2000,30,NA,5706407,600.0000
2000_n_25_k_5_ID.txt,2000,25,NA,4562673,600.0000
1500_n_10_k_6_ID.txt,1500,10,1117491,40485,11.4168
1500_n_15_k_6_ID.txt,1500,15,1115281,243379,42.5865
200_n_30_k_5_ID.txt,200,30,NA,44151062,600.0000
200_n_35_k_5_ID.txt,200,35,NA,39184652,600.0000
200_n_40_k_5_ID.txt,200,40,NA,42746911,600.0000
1500_n_5_k_6_ID.txt,1500,5,1119666,5347,2.6426
100_n_30_k_6_ID.txt,100,30,3422,18653536,167.0420
2000_n_10_k_6_ID.txt,2000,10,1989879,52806,24.1944
500_n_30_k_5_ID.txt,500,30,NA,26139284,600.0000
500_n_35_k_5_ID.txt,500,35,NA,26664329,600.0000
200_n_10_k_6_ID.txt,200,10,18921,11142,0.0657
200_n_15_k_6_ID.txt,200,15,18545,64959,0.4459
200_n_20_k_6_ID.txt,200,20,18286,431475,4.4572
2000_n_5_k_6_ID.txt,2000,5,1992877,6926,3.5076
500_n_40_k_5_ID.txt,500,40,NA,22951812,600.0000
200_n_25_k_6_ID.txt,200,25,17679,2225197,24.3232
2000_n_15_k_6_ID.txt,2000,15,1987211,356583,130.7050
200_n_5_k_6_ID.txt,200,5,19264,1096,0.0126
500_n_10_k_6_ID.txt,500,10,122430,16907,0.6191
500_n_15_k_6_ID.txt,500,15,121532,122683,2.8986
1500_n_20_k_6_ID.txt,1500,20,1113421,2362821,251.2850
500_n_20_k_6_ID.txt,500,20,121042,1022534,19.0826
50_n_35_k_5_ID.txt,50,35,NA,88426446,600.0000
50_n_40_k_5_ID.txt,50,40,NA,92614747,600.0000
200_n_30_k_6_ID.txt,200,30,17607,14043890,166.1730
1000_n_25_k_6_ID.txt,1000,25,490467,9221920,492.9560
500_n_5_k_6_ID.txt,500,5,123177,2041,0.0714
50_n_10_k_6_ID.txt,50,10,907,6743,0.0156
50_n_15_k_6_ID.txt,50,15,744,38562,0.1036
50_n_20_k_6_ID.txt,50,20,650,242940,0.7439
50_n_25_k_6_ID.txt,50,25,529,1740144,6.9191
1000_n_30_k_6_ID.txt,1000,30,NA,9575250,600.0000
500_n_25_k_6_ID.txt,500,25,120040,10212999,268.7640
50_n_5_k_6_ID.txt,50,5,1045,367,0.0010
1000_n_10_k_7_ID.txt,1000,10,494928,28353,4.1120
2000_n_20_k_6_ID.txt,2000,20,1984549,2577694,430.7070
100_n_35_k_6_ID.txt,100,35,NA,76211549,600.0000
1000_n_15_k_7_ID.txt,1000,15,493384,226167,19.8612
100_n_40_k_6_ID.txt,100,40,NA,62834472,600.0000
1000_n_5_k_7_ID.txt,1000,5,496454,4085,0.5243
100_n_10_k_7_ID.txt,100,10,4449,5953,0.0207
100_n_15_k_7_ID.txt,100,15,4133,40436,0.1493
100_n_20_k_7_ID.txt,100,20,3912,551512,4.1329
1500_n_25_k_6_ID.txt,1500,25,NA,4294193,600.0000
100_n_25_k_7_ID.txt,100,25,3821,3350922,29.6462
1000_n_20_k_7_ID.txt,1000,20,492156,1303001,67.5996
50_n_30_k_6_ID.txt,50,30,433,28401360,214.7410
100_n_5_k_7_ID.txt,100,5,4588,759,0.0025
1500_n_30_k_6_ID.txt,1500,30,NA,8402952,600.0000
1500_n_10_k_7_ID.txt,1500,10,1117613,43989,12.8084
100_n_30_k_7_ID.txt,100,30,3540,13313904,88.4888
2000_n_25_k_6_ID.txt,2000,25,NA,4217356,600.0000
1500_n_15_k_7_ID.txt,1500,15,1115314,340940,74.2603
2000_n_30_k_6_ID.txt,2000,30,NA,4682900,600.0000
1500_n_5_k_7_ID.txt,1500,5,1119667,5332,2.6309
2000_n_10_k_7_ID.txt,2000,10,1989923,58092,27.7117
200_n_35_k_6_ID.txt,200,35,NA,41913419,600.0000
200_n_40_k_6_ID.txt,200,40,NA,42986815,600.0000
500_n_30_k_6_ID.txt,500,30,NA,21366026,600.0000
2000_n_15_k_7_ID.txt,2000,15,1987258,446895,110.3940
200_n_10_k_7_ID.txt,200,10,18885,11932,0.0751
200_n_15_k_7_ID.txt,200,15,18295,71623,0.4237
200_n_20_k_7_ID.txt,200,20,18057,764073,5.5260
2000_n_5_k_7_ID.txt,2000,5,1992884,6853,5.8076
200_n_25_k_7_ID.txt,200,25,17934,4004448,35.7385
500_n_35_k_6_ID.txt,500,35,NA,23438678,600.0000
500_n_40_k_6_ID.txt,500,40,NA,24607245,602.1370
200_n_5_k_7_ID.txt,200,5,19247,905,0.0063
500_n_10_k_7_ID.txt,500,10,122471,16437,0.3575
1000_n_25_k_7_ID.txt,1000,25,490544,6176028,441.6520
500_n_15_k_7_ID.txt,500,15,121544,166015,5.2826
50_n_35_k_6_ID.txt,50,35,NA,94362167,600.0000
500_n_20_k_7_ID.txt,500,20,120967,1328502,41.9940
1500_n_20_k_7_ID.txt,1500,20,1113566,2136615,384.2610
50_n_40_k_6_ID.txt,50,40,NA,92808431,600.0000
200_n_30_k_7_ID.txt,200,30,17343,18912670,227.7560
500_n_5_k_7_ID.txt,500,5,123208,2115,0.0703
50_n_10_k_7_ID.txt,50,10,956,2742,0.0052
50_n_15_k_7_ID.txt,50,15,733,36924,0.0889
50_n_20_k_7_ID.txt,50,20,704,432824,1.5788
50_n_25_k_7_ID.txt,50,25,406,3608704,16.7371
1000_n_30_k_7_ID.txt,1000,30,NA,13029420,600.0000
100_n_35_k_7_ID.txt,100,35,NA,74927965,600.0000
100_n_40_k_7_ID.txt,100,40,NA,64744376,600.0000
500_n_25_k_7_ID.txt,500,25,119994,8041502,239.2580
2000_n_20_k_7_ID.txt,2000,20,1984499,2399941,434.2520
50_n_5_k_7_ID.txt,50,5,1032,292,0.0008
1000_n_10_k_8_ID.txt,1000,10,494825,25371,3.4832
1000_n_15_k_8_ID.txt,1000,15,493431,208584,13.1504
1000_n_5_k_8_ID.txt,1000,5,496418,3633,0.4891
100_n_10_k_8_ID.txt,100,10,4434,2460,0.0071
100_n_15_k_8_ID.txt,100,15,4200,43484,0.1678
100_n_20_k_8_ID.txt,100,20,4019,351764,2.5484
100_n_25_k_8_ID.txt,100,25,3752,2331618,17.4498
1500_n_25_k_7_ID.txt,1500,25,NA,6000405,600.0000
1500_n_30_k_7_ID.txt,1500,30,NA,7161300,600.0000
1000_n_20_k_8_ID.txt,1000,20,492107,1609087,152.0650
100_n_5_k_8_ID.txt,100,5,4630,473,0.0022
50_n_30_k_7_ID.txt,50,30,303,43994464,256.7190
1500_n_10_k_8_ID.txt,1500,10,1117506,39900,11.3629
100_n_30_k_8_ID.txt,100,30,3588,19521712,131.9670
2000_n_25_k_7_ID.txt,2000,25,NA,5232221,600.0000
1500_n_15_k_8_ID.txt,1500,15,1115526,279440,37.2236
2000_n_30_k_7_ID.txt,2000,30,NA,4515451,600.0000
1500_n_5_k_8_ID.txt,1500,5,1119711,4964,2.4534
2000_n_10_k_8_ID.txt,2000,10,1989772,54341,24.1507
200_n_35_k_7_ID.txt,200,35,NA,47742643,600.0000
200_n_40_k_7_ID.txt,200,40,NA,47939554,600.0000
2000_n_15_k_8_ID.txt,2000,15,1986970,363748,87.1386
2000_n_5_k_8_ID.txt,2000,5,1992912,7446,7.0247
200_n_10_k_8_ID.txt,200,10,18844,9568,0.0960
200_n_15_k_8_ID.txt,200,15,18375,54109,0.5413
200_n_20_k_8_ID.txt,200,20,18282,435491,4.9827
500_n_30_k_7_ID.txt,500,30,NA,20010041,600.0000
500_n_35_k_7_ID.txt,500,35,NA,23853916,600.0000
500_n_40_k_7_ID.txt,500,40,NA,21199225,600.0000
200_n_25_k_8_ID.txt,200,25,17936,3241095,39.5459
200_n_5_k_8_ID.txt,200,5,19250,819,0.0053
500_n_10_k_8_ID.txt,500,10,122364,16013,0.3365
500_n_15_k_8_ID.txt,500,15,121597,142660,2.7496
500_n_20_k_8_ID.txt,500,20,120808,619191,9.6647
1500_n_20_k_8_ID.txt,1500,20,1113078,1888685,251.1680
1000_n_25_k_8_ID.txt,1000,25,NA,8977015,600.0000
500_n_5_k_8_ID.txt,500,5,123114,2034,0.1171
50_n_10_k_8_ID.txt,50,10,882,2615,0.0074
50_n_15_k_8_ID.txt,50,15,817,24446,0.0903
1000_n_30_k_8_ID.txt,1000,30,NA,13005749,600.0000
50_n_20_k_8_ID.txt,50,20,693,852296,4.9331
50_n_25_k_8_ID.txt,50,25,441,5818164,36.0020
500_n_25_k_8_ID.txt,500,25,120347,8595199,232.8040
100_n_35_k_8_ID.txt,100,35,NA,67135424,600.0000
50_n_5_k_8_ID.txt,50,5,1040,350,0.0009
1000_n_10_k_9_ID.txt,1000,10,495010,27477,3.4446
100_n_40_k_8_ID.txt,100,40,NA,66621219,600.0000
1000_n_15_k_9_ID.txt,1000,15,493383,225062,22.8385
200_n_30_k_8_ID.txt,200,30,17429,28104665,348.4390
1500_n_25_k_8_ID.txt,1500,25,NA,5739186,600.0000
1000_n_5_k_9_ID.txt,1000,5,496507,3646,0.4744
100_n_10_k_9_ID.txt,100,10,4401,4590,0.0139
100_n_15_k_9_ID.txt,100,15,4132,39410,0.1308
100_n_20_k_9_ID.txt,100,20,3978,229692,1.3935
100_n_25_k_9_ID.txt,100,25,3848,1364659,6.8480
1500_n_30_k_8_ID.txt,1500,30,NA,7448391,600.0000
50_n_30_k_8_ID.txt,50,30,370,40470800,226.1960
1000_n_20_k_9_ID.txt,1000,20,492187,1464930,137.5070
100_n_5_k_9_ID.txt,100,5,4625,531,0.0016
2000_n_20_k_8_ID.txt,2000,20,NA,1991047,600.0000
1500_n_10_k_9_ID.txt,1500,10,1117486,37796,10.3785
2000_n_25_k_8_ID.txt,2000,25,NA,4743832,600.0000
100_n_30_k_9_ID.txt,100,30,3571,18097254,112.3040
2000_n_30_k_8_ID.txt,2000,30,NA,5280538,600.0000
1500_n_15_k_9_ID.txt,1500,15,1115575,276614,55.5849
1500_n_5_k_9_ID.txt,1500,5,1119776,4807,2.2545
2000_n_10_k_9_ID.txt,2000,10,1989888,49827,22.8045
200_n_35_k_8_ID.txt,200,35,NA,44612291,600.0000
200_n_40_k_8_ID.txt,200,40,NA,37167909,600.0000
500_n_30_k_8_ID.txt,500,30,NA,20422974,600.0000
2000_n_15_k_9_ID.txt,2000,15,1987106,410046,89.8861
200_n_10_k_9_ID.txt,200,10,18937,6879,0.0405
200_n_15_k_9_ID.txt,200,15,18455,82206,0.5046
200_n_20_k_9_ID.txt,200,20,18002,569428,4.4399
2000_n_5_k_9_ID.txt,2000,5,1992895,6974,6.2263
1500_n_20_k_9_ID.txt,1500,20,1112930,1840182,192.1050
200_n_25_k_9_ID.txt,200,25,17538,1960563,15.6822
500_n_35_k_8_ID.txt,500,35,NA,26748403,600.0000
500_n_40_k_8_ID.txt,500,40,NA,28490982,600.0000
200_n_5_k_9_ID.txt,200,5,19252,1037,0.0126
500_n_10_k_9_ID.txt,500,10,122387,13260,0.5266
500_n_15_k_9_ID.txt,500,15,121681,115184,3.8277
500_n_20_k_9_ID.txt,500,20,120766,927646,16.8593
50_n_35_k_8_ID.txt,50,35,NA,81344134,600.0000
500_n_25_k_9_ID.txt,500,25,119872,5449601,156.3940
500_n_5_k_9_ID.txt,500,5,123130,2213,0.1237
50_n_10_k_9_ID.txt,50,10,879,5336,0.0173
50_n_15_k_9_ID.txt,50,15,750,32400,0.1271
50_n_20_k_9_ID.txt,50,20,680,346906,1.8692
50_n_25_k_9_ID.txt,50,25,501,2062912,12.1876
1000_n_25_k_9_ID.txt,1000,25,NA,8561420,600.0000
1000_n_30_k_9_ID.txt,1000,30,NA,9813943,600.0000
200_n_30_k_9_ID.txt,200,30,17415,23945570,299.3650
50_n_5_k_9_ID.txt,50,5,1042,333,0.0009
1000_n_10_k_10_ID.txt,1000,10,494964,30737,4.1920
1000_n_15_k_10_ID.txt,1000,15,493552,149519,15.0794
100_n_35_k_9_ID.txt,100,35,NA,63552986,600.0000
100_n_40_k_9_ID.txt,100,40,NA,65318986,600.0000
2000_n_20_k_9_ID.txt,2000,20,1984234,2226726,497.2520
1500_n_25_k_9_ID.txt,1500,25,NA,6488495,600.0000
1000_n_5_k_10_ID.txt,1000,5,496407,4027,0.5369
100_n_10_k_10_ID.txt,100,10,4440,5833,0.0196
100_n_15_k_10_ID.txt,100,15,4257,43768,0.1607
100_n_20_k_10_ID.txt,100,20,3880,578063,2.5840
1500_n_30_k_9_ID.txt,1500,30,NA,7313280,600.0000
100_n_25_k_10_ID.txt,100,25,3825,4440874,35.1724
1000_n_20_k_10_ID.txt,1000,20,491920,1574935,150.1580
100_n_5_k_10_ID.txt,100,5,4585,565,0.0026
1500_n_10_k_10_ID.txt,1500,10,1117608,38855,10.8065
2000_n_30_k_9_ID.txt,2000,30,NA,4610584,600.0000
2000_n_25_k_9_ID.txt,2000,25,NA,3605714,600.0000
1500_n_15_k_10_ID.txt,1500,15,1115663,239032,51.7713
1500_n_5_k_10_ID.txt,1500,5,1119649,5313,2.7631
50_n_30_k_9_ID.txt,50,30,368,41417220,318.2550
100_n_30_k_10_ID.txt,100,30,3642,19969978,168.3080
200_n_40_k_9_ID.txt,200,40,NA,52064850,600.0000
2000_n_10_k_10_ID.txt,2000,10,1989736,55180,26.2154
500_n_30_k_9_ID.txt,500,30,NA,23633190,600.0000
2000_n_5_k_10_ID.txt,2000,5,1992972,7738,6.9943
200_n_10_k_10_ID.txt,200,10,18878,8029,0.0790
200_n_15_k_10_ID.txt,200,15,18521,103126,1.0907
200_n_20_k_10_ID.txt,200,20,18218,299764,3.3255
2000_n_15_k_10_ID.txt,2000,15,1987162,305745,69.8428
200_n_25_k_10_ID.txt,200,25,17912,6141290,55.7826
500_n_35_k_9_ID.txt,500,35,NA,19148078,600.0000
1500_n_20_k_10_ID.txt,1500,20,1113351,1807468,202.5110
200_n_5_k_10_ID.txt,200,5,19244,832,0.0058
500_n_10_k_10_ID.txt,500,10,122366,15658,0.3271
500_n_15_k_10_ID.txt,500,15,121665,126406,2.5079
500_n_40_k_9_ID.txt,500,40,NA,22441961,600.0000
500_n_20_k_10_ID.txt,500,20,120885,909815,26.8153
50_n_40_k_9_ID.txt,50,40,NA,79979033,600.0000
1000_n_25_k_10_ID.txt,1000,25,490800,8616997,556.0670
500_n_5_k_10_ID.txt,500,5,123258,2097,0.0727
50_n_10_k_10_ID.txt,50,10,921,2450,0.0050
50_n_15_k_10_ID.txt,50,15,796,32091,0.0755
50_n_20_k_10_ID.txt,50,20,585,1406016,5.6607
50_n_25_k_10_ID.txt,50,25,483,1809182,6.7276
500_n_25_k_10_ID.txt,500,25,119970,7160511,206.4250
1000_n_30_k_10_ID.txt,1000,30,NA,13010013,600.0000
100_n_35_k_10_ID.txt,100,35,NA,78719146,600.0000
50_n_30_k_10_ID.txt,50,30,370,20803392,106.4950
50_n_5_k_10_ID.txt,50,5,1029,538,0.0010
200_n_30_k_10_ID.txt,200,30,17400,32898574,409.8040
100_n_40_k_10_ID.txt,100,40,NA,75934100,600.0000
1500_n_25_k_10_ID.txt,1500,25,NA,4545088,600.0000
1500_n_30_k_10_ID.txt,1500,30,NA,8627112,600.0000
2000_n_20_k_10_ID.txt,2000,20,NA,2634915,600.0000
2000_n_25_k_10_ID.txt,2000,25,NA,3855890,600.0000
2000_n_30_k_10_ID.txt,2000,30,NA,5423699,600.0000
200_n_35_k_10_ID.txt,200,35,NA,60600677,600.0000
200_n_40_k_10_ID.txt,200,40,NA,42420814,600.0000
500_n_30_k_10_ID.txt,500,30,NA,22513959,600.0000
500_n_35_k_10_ID.txt,500,35,NA,22645505,600.0000
500_n_40_k_10_ID.txt,500,40,NA,27072267,600.0000
50_n_35_k_10_ID.txt,50,35,NA,101473718,618.2880
50_n_40_k_10_ID.txt,50,40,NA,101473724,617.9710
